PatientID,HR,O2Sat,Temp,SBP,MAP,DBP,Resp,EtCO2,BaseExcess,HCO3,FiO2,pH,PaCO2,SaO2,AST,BUN,Alkalinephos,Calcium,Chloride,Creatinine,Bilirubin_direct,Glucose,Lactate,Magnesium,Phosphate,Potassium,Bilirubin_total,TroponinI,Hct,Hgb,PTT,WBC,Fibrinogen,Platelets,Age,Gender,Unit1,Unit2,HospAdmTime,ICULOS,SepsisLabel
P-1001,78.24377366380355,97.84400238406393,36.912567679370966,122.75245177311297,84.43917184907693,70.95825639451014,16.10227232253383,35.747005926125134,-1.0,24.0,0.21,7.4,40.0,98.0,25.0,18.0,85.0,9.2,102.0,1.603518379890263,0.1,105.05282455804897,1.186559073996569,2.0,3.5,4.0,0.6,0.01,42.0,14.0,30.0,6.817564857941136,400.0,230.62223354834316,54,1,1,0,-6,1,0
P-1001,79.0757060090527,98.0701264013378,36.67980178274142,122.20804410552688,85.18941565846724,72.6158037193067,16.003537532080564,35.85211010916379,-0.9565217391304348,24.0,0.21,7.4,40.0,98.0,25.130434782608695,18.08695652173913,85.21739130434783,9.195652173913043,102.0,0.7763764143449583,0.1,104.93568446395724,0.6596041905638034,2.0,3.5,4.004347826086956,0.6,0.01,42.0,14.0,30.0,8.499772201374007,400.0,229.4399464379217,54,1,1,0,-6,2,0
P-1001,78.77367343539919,98.05481660965461,36.87930119608722,122.17074375892804,87.62636155895724,71.50095494341404,15.6771623384819,35.3489818174017,-0.9130434782608696,24.0,0.21,7.4,40.0,98.0,25.26086956521739,18.17391304347826,85.43478260869566,9.191304347826087,102.0,0.8088420338761,0.1,104.77519763614266,1.7014791902343096,2.0,3.5,4.008695652173913,0.6,0.01,42.0,14.0,30.0,8.44665609504628,400.0,228.89309220973433,54,1,1,0,-6,3,0
P-1001,79.04221336069455,98.11148812568052,36.90756009676751,121.20672266895166,86.05529427584467,71.83247908209519,16.305385659991906,36.69714302235855,-0.8695652173913043,24.0,0.21,7.4,40.0,98.0,25.391304347826086,18.26086956521739,85.65217391304348,9.18695652173913,102.0,0.9540632555911132,0.1,106.15720449371432,1.3919199172806151,2.0,3.5,4.01304347826087,0.6,0.01,42.0,14.0,30.0,8.108348241761863,400.0,229.5791216059085,54,1,1,0,-6,4,0
P-1001,77.52992751802852,97.95204931754641,36.764226710551725,121.1410716344488,85.60597315554038,72.848126962031,15.481248150923667,36.774622683673186,-0.8260869565217391,24.0,0.21,7.4,40.0,98.0,25.52173913043478,18.347826086956523,85.8695652173913,9.182608695652172,102.0,1.0302024520840045,0.1,106.43854648122559,-0.12890451294481764,2.0,3.5,4.017391304347826,0.6,0.01,42.0,14.0,30.0,7.319048497750511,400.0,229.5994126476961,54,1,1,0,-6,5,0
P-1001,79.50424300555123,97.94769123916274,36.774125491969876,122.25159809631006,85.62956523574688,70.544668332634,15.31076153314504,35.26443817119871,-0.782608695652174,24.0,0.21,7.4,40.0,98.0,25.652173913043477,18.434782608695652,86.08695652173913,9.178260869565216,102.0,1.4523882832542148,0.1,106.2137882746005,1.6194677256777938,2.0,3.5,4.021739130434782,0.6,0.01,42.0,14.0,30.0,7.722636241030365,400.0,228.57124136119165,54,1,1,0,-6,6,0
P-1001,79.54395057604343,97.95359801904196,36.92069019867709,120.9487201167119,85.44868735753055,71.17287055436655,15.30419784874616,36.38957798462847,-0.7391304347826086,24.0,0.21,7.4,40.0,98.0,25.782608695652172,18.52173913043478,86.30434782608695,9.17391304347826,102.0,1.284597327124727,0.1,106.83665591326518,0.85056508435956,2.0,3.5,4.026086956521739,0.6,0.01,42.0,14.0,30.0,7.640430077590845,400.0,229.052877114737,54,1,1,0,-6,7,0
P-1001,79.13860291674028,97.93650525319337,36.84891183358143,120.04143680065967,84.53796219597457,70.33314465794257,15.506550364005772,36.31981938137875,-0.6956521739130435,24.0,0.21,7.4,40.0,98.0,25.91304347826087,18.608695652173914,86.52173913043478,9.169565217391304,102.0,1.9393826382288526,0.1,107.11175158520845,0.506051538320647,2.0,3.5,4.030434782608696,0.6,0.01,42.0,14.0,30.0,7.349643869811967,400.0,228.19324969271608,54,1,1,0,-6,8,0
P-1001,78.6444102038182,97.96918436631985,36.72706190915472,121.0331213653665,86.3244204230094,69.92249148753308,16.69536500179321,36.190188481865825,-0.6521739130434783,24.0,0.21,7.4,40.0,98.0,26.043478260869566,18.695652173913043,86.73913043478261,9.165217391304347,102.0,0.9577036061710956,0.1,106.92527140386638,0.7594626441382166,2.0,3.5,4.034782608695652,0.6,0.01,42.0,14.0,30.0,6.517066759967497,400.0,227.83727539796635,54,1,1,0,-6,9,0
P-1001,79.5826991077231,98.24026683369814,36.842357525444264,120.39859331025033,85.75211616013895,71.39338865152524,17.478654408018436,36.66808899673166,-0.6086956521739131,24.0,0.21,7.4,40.0,98.0,26.17391304347826,18.782608695652172,86.95652173913044,9.160869565217391,102.0,-0.05101044345828076,0.1,106.21526098600602,1.5246272821022162,2.0,3.5,4.039130434782608,0.6,0.01,42.0,14.0,30.0,8.866294486888693,400.0,227.53167703466977,54,1,1,0,-6,10,0
P-1001,79.427282592258,97.79349707786655,36.98222916376129,120.95265662492969,84.38857235570222,70.31797151764268,16.685593686655807,36.670501254315504,-0.5652173913043479,24.0,0.21,7.4,40.0,98.0,26.304347826086957,18.869565217391305,87.17391304347827,9.156521739130435,102.0,1.231527546620797,0.1,105.46827601889322,2.8408629742229943,2.0,3.5,4.043478260869565,0.6,0.01,42.0,14.0,30.0,10.04848127715369,400.0,227.03445646049624,54,1,1,0,-6,11,0
P-1001,80.12721264813594,97.87805883570346,36.83334858488609,120.55380082162172,85.40910642130167,71.89626244549967,16.603899723521494,35.87309213036905,-0.5217391304347826,24.0,0.21,7.4,40.0,98.0,26.434782608695652,18.956521739130434,87.3913043478261,9.152173913043478,102.0,0.5109536727413353,0.1,108.80564827869,0.4193030846958723,2.0,3.5,4.047826086956522,0.6,0.01,42.0,14.0,30.0,6.399384079019123,400.0,227.56566961151924,54,1,1,0,-6,12,0
P-1001,80.19117613891743,98.14741092665346,36.82945348630608,120.00856672599681,84.70616745977932,70.37634088750184,18.224514916382912,35.34289065662049,-0.4782608695652174,24.0,0.21,7.4,40.0,98.0,26.565217391304348,19.043478260869566,87.6086956521739,9.14782608695652,102.0,1.6452584102993955,0.1,107.48338533404744,1.9229652760325544,2.0,3.5,4.052173913043478,0.6,0.01,42.0,14.0,30.0,7.038527822747771,400.0,227.69926512071078,54,1,1,0,-6,13,0
P-1001,80.22825954430904,97.90178184568559,36.97995430848318,120.50557843311867,84.45429799768186,69.84721515793561,16.703287725482042,37.26327300512835,-0.4347826086956522,24.0,0.21,7.4,40.0,98.0,26.695652173913043,19.130434782608695,87.82608695652173,9.143478260869564,102.0,1.1286609116820343,0.1,108.00159295761281,1.3845150299891855,2.0,3.5,4.056521739130434,0.6,0.01,42.0,14.0,30.0,7.687698034764268,400.0,228.2187144368437,54,1,1,0,-6,14,0
P-1001,80.10604082402867,98.16594330650898,36.98605259620402,122.01121348924896,85.53789189760361,69.80303347027578,15.514168292777383,37.320742345785,-0.3913043478260869,24.0,0.21,7.4,40.0,98.0,26.82608695652174,19.217391304347828,88.04347826086956,9.139130434782608,102.0,0.5934501430912098,0.1,107.15784171523477,2.6398021418440294,2.0,3.5,4.060869565217391,0.6,0.01,42.0,14.0,30.0,7.6607324554608764,400.0,228.1256771729242,54,1,1,0,-6,15,0
P-1001,79.89291403700925,98.09649901920335,36.87124401417975,120.691554680537,85.2170717681369,70.9657118129522,17.77815940209445,36.072467925521394,-0.34782608695652173,24.0,0.21,7.4,40.0,98.0,26.956521739130434,19.304347826086957,88.26086956521739,9.134782608695652,102.0,0.8610252784559057,0.1,107.28581911687849,1.7803684259258343,2.0,3.5,4.065217391304348,0.6,0.01,42.0,14.0,30.0,6.185949275696921,400.0,226.0645462185483,54,1,1,0,-6,16,0
P-1001,80.08008680210916,97.94988148389488,37.07651581613601,119.54758147798225,85.32885302016248,70.22136010550705,16.433513698423475,36.802206260243686,-0.30434782608695654,24.0,0.21,7.4,40.0,98.0,27.08695652173913,19.391304347826086,88.47826086956522,9.130434782608695,102.0,0.7763954566000797,0.1,108.29917381606082,1.7000575669944453,2.0,3.5,4.069565217391304,0.6,0.01,42.0,14.0,30.0,8.917744572910717,400.0,225.96498504109823,54,1,1,0,-6,17,0
P-1001,81.15051917214741,98.02648600376806,36.78516787612151,120.59413095573709,85.44345222932851,72.53571836046191,18.240606123807947,35.31740531955295,-0.26086956521739135,24.0,0.21,7.4,40.0,98.0,27.217391304347828,19.47826086956522,88.69565217391305,9.126086956521739,102.0,0.4274343888292108,0.1,109.66033507062363,1.04400635423892,2.0,3.5,4.07391304347826,0.6,0.01,42.0,14.0,30.0,6.698811615921702,400.0,226.55683182895925,54,1,1,0,-6,18,0
P-1001,80.5471677124138,97.90187803398983,36.63442838466964,120.30464987225973,84.36745977486018,70.0112310668028,16.0811200731181,35.924589956597956,-0.21739130434782616,24.0,0.21,7.4,40.0,98.0,27.347826086956523,19.565217391304348,88.91304347826087,9.121739130434783,102.0,2.6033976896226387,0.1,108.03561501549716,-0.12792184352008773,2.0,3.5,4.078260869565217,0.6,0.01,42.0,14.0,30.0,6.717668151513294,400.0,225.0570184567199,54,1,1,0,-6,19,0
P-1001,82.773878648744,98.43576007538606,36.789482396980546,120.05322692152609,85.44715748423067,71.73078420248099,16.03660129377915,35.80377772324631,-0.17391304347826086,24.0,0.21,7.4,40.0,98.0,27.47826086956522,19.652173913043477,89.13043478260869,9.117391304347827,102.0,0.5990751430159206,0.1,108.0305181359127,1.904478756501569,2.0,3.5,4.082608695652174,0.6,0.01,42.0,14.0,30.0,8.260856337834165,400.0,225.7625068457785,54,1,1,0,-6,20,0
P-1001,81.28772187438548,97.96004187649865,37.0087385269222,119.81660779016218,85.50766560064481,71.07104221947326,16.99390867952608,36.28140512671936,-0.13043478260869568,24.0,0.21,7.4,40.0,98.0,27.608695652173914,19.73913043478261,89.34782608695652,9.113043478260868,102.0,0.32275357316572206,0.1,109.26999680822573,1.3294807998014244,2.0,3.5,4.08695652173913,0.6,0.01,42.0,14.0,30.0,7.934850123168784,400.0,225.9053693223821,54,1,1,0,-6,21,0
P-1001,83.32670856018795,98.23600323537129,37.04048567853565,119.56346727572245,84.19702734415239,71.12682740594936,17.123242858378582,36.38411472271329,-0.08695652173913049,24.0,0.21,7.4,40.0,98.0,27.73913043478261,19.82608695652174,89.56521739130434,9.108695652173912,102.0,1.2635362705714903,0.1,109.18799754534439,-0.1043644417532672,2.0,3.5,4.091304347826086,0.6,0.01,42.0,14.0,30.0,8.69847252437698,400.0,224.54643806116408,54,1,1,0,-6,22,0
P-1001,82.03706072000695,98.00787001975344,36.94747866995555,120.00416590728636,84.84189635830406,70.2090065314211,18.13371531752496,33.946673247254964,-0.04347826086956519,24.0,0.21,7.4,40.0,98.0,27.869565217391305,19.91304347826087,89.78260869565217,9.104347826086956,102.0,1.1367951917496797,0.1,108.37723126966931,1.1061719623052961,2.0,3.5,4.095652173913043,0.6,0.01,42.0,14.0,30.0,8.119470806663175,400.0,224.9198596392908,54,1,1,0,-6,23,0
P-1001,82.26239638697129,98.25910253212463,36.76992078926258,120.69106241095855,84.73717982150168,69.95094052333693,16.15768119143684,35.7324350621153,0.0,24.0,0.21,7.4,40.0,98.0,28.0,20.0,90.0,9.1,102.0,2.285849284327955,0.1,110.35126934314366,2.340035675759167,2.0,3.5,4.1,0.6,0.01,42.0,14.0,30.0,8.466124193590165,400.0,225.94192951118217,54,1,1,0,-6,24,0
P-1002,89.39514762093424,97.06584897381074,37.32419822651956,117.76274323717223,82.05323665268736,67.44206094135978,18.79166714767588,34.05735710150811,-3.0,21.0,0.21,7.4,40.0,98.0,25.0,18.0,85.0,9.2,102.0,1.9369976747738555,0.1,111.45651692611744,2.025880273934129,2.0,3.5,4.0,0.6,0.01,42.0,14.0,30.0,8.847479153995872,400.0,220.60069519098502,61,0,1,0,-10,1,0
P-1002,89.88896757899786,96.50332439643462,37.25952224145658,115.7580464198372,80.54189786523742,68.07854796401267,19.03176617915294,34.09302957018048,-3.1739130434782608,20.782608695652176,0.22695652173913042,7.392173913043479,40.43478260869565,97.47826086956522,28.043478260869566,19.608695652173914,87.82608695652173,9.14782608695652,102.26086956521739,0.07023014136466288,0.13043478260869565,113.07569453376273,0.7368521938042025,1.9869565217391305,3.5565217391304347,4.052173913043478,0.6608695652173913,0.018260869565217393,41.56521739130435,13.847826086956522,30.52173913043478,9.504486543866225,393.4782608695652,215.55004429982185,61,0,1,0,-10,2,0
P-1002,91.53294528105927,96.56957509039889,36.99543700849289,115.6347977310503,79.97067033684694,66.07024266308076,20.33644600619053,32.653757204643156,-3.3478260869565215,20.565217391304348,0.24391304347826087,7.384347826086957,40.869565217391305,96.95652173913044,31.086956521739133,21.217391304347828,90.65217391304348,9.095652173913043,102.52173913043478,-0.1783189978240236,0.16086956521739132,115.94685920320401,1.222769433760159,1.9739130434782608,3.6130434782608694,4.104347826086957,0.7217391304347825,0.026521739130434784,41.130434782608695,13.695652173913043,31.043478260869566,10.429246797365119,386.95652173913044,213.35467228192107,61,0,1,0,-10,3,0
P-1002,92.5903106669356,96.13174975511956,37.53076020566885,114.94173376653036,79.05586763350105,64.79621636633286,19.78149198272973,33.26584552733893,-3.5217391304347827,20.347826086956523,0.2608695652173913,7.376521739130435,41.30434782608695,96.43478260869566,34.130434782608695,22.82608695652174,93.47826086956522,9.043478260869565,102.78260869565217,1.4371498740914916,0.19130434782608696,117.6314320039825,1.7254553166772828,1.9608695652173913,3.6695652173913045,4.156521739130435,0.7826086956521738,0.034782608695652174,40.69565217391305,13.543478260869565,31.565217391304348,10.312764582733765,380.4347826086956,209.0607289627456,61,0,1,0,-10,4,0
P-1002,93.11738408009217,96.17874007127928,37.366722635243335,112.12480868181991,77.98793190998668,64.15376902195348,20.096097366187657,34.6718641245235,-3.6956521739130435,20.130434782608695,0.2778260869565217,7.368695652173913,41.73913043478261,95.91304347826087,37.173913043478265,24.434782608695652,96.30434782608695,8.991304347826086,103.04347826086956,1.6172062445375355,0.2217391304347826,121.14021847499411,2.6767395338793083,1.9478260869565218,3.726086956521739,4.208695652173913,0.8434782608695652,0.043043478260869565,40.26086956521739,13.391304347826086,32.08695652173913,11.586499531772919,373.9130434782609,206.2099485672334,61,0,1,0,-10,5,0
P-1002,92.91892129678158,95.93629032814061,37.479171172313,111.56456522503964,77.83024924354059,61.06601845410938,19.607377880889004,31.97984721552231,-3.869565217391304,19.91304347826087,0.2947826086956522,7.360869565217391,42.17391304347826,95.3913043478261,40.21739130434783,26.043478260869566,99.13043478260869,8.939130434782609,103.30434782608695,1.636741578598043,0.25217391304347825,123.00022207549479,1.5038214027622696,1.934782608695652,3.782608695652174,4.260869565217392,0.9043478260869564,0.051304347826086956,39.82608695652174,13.23913043478261,32.608695652173914,11.74301363263968,367.39130434782606,200.6558019521585,61,0,1,0,-10,6,0
P-1002,93.97800420721562,95.44293564650421,37.546624899302074,110.54142166085155,76.30069333575963,61.32798444999477,21.73854125090938,33.096412577552925,-4.043478260869565,19.695652173913043,0.31173913043478263,7.35304347826087,42.608695652173914,94.86956521739131,43.26086956521739,27.652173913043477,101.95652173913044,8.88695652173913,103.56521739130434,1.1171804341522245,0.28260869565217395,127.61294451946438,2.7110082862203035,1.9217391304347826,3.8391304347826085,4.3130434782608695,0.9652173913043478,0.05956521739130435,39.391304347826086,13.08695652173913,33.130434782608695,11.3058266070954,360.8695652173913,196.67916000776034,61,0,1,0,-10,7,0
P-1002,96.81544184482902,95.25208813183808,37.647080702951826,108.77553148352881,75.3592674075323,58.49250822489581,20.614996050583667,31.379469073350087,-4.217391304347826,19.47826086956522,0.32869565217391306,7.345217391304348,43.04347826086956,94.34782608695652,46.30434782608695,29.26086956521739,104.78260869565217,8.834782608695651,103.82608695652173,1.903894945869149,0.3130434782608696,129.94084076120566,0.5678897128170084,1.9086956521739131,3.895652173913043,4.3652173913043475,1.026086956521739,0.06782608695652173,38.95652173913044,12.934782608695652,33.65217391304348,11.80521453483238,354.3478260869565,192.38078839906785,61,0,1,0,-10,8,0
P-1002,99.30615660606429,95.11219639810103,37.74615104892151,108.64808610295987,73.72587523979077,58.286603160068466,21.698392761719273,31.032962094295815,-4.391304347826087,19.26086956521739,0.3456521739130435,7.337391304347826,43.47826086956522,93.82608695652173,49.34782608695652,30.869565217391305,107.6086956521739,8.782608695652174,104.08695652173913,1.9906941024594031,0.34347826086956523,131.50295043987228,1.8721016126652517,1.8956521739130434,3.9521739130434783,4.417391304347826,1.0869565217391304,0.07608695652173912,38.52173913043478,12.782608695652174,34.17391304347826,12.539673606062195,347.82608695652175,190.0722680388458,61,0,1,0,-10,9,0
P-1002,100.05339240939054,94.49609232216986,37.897291519791224,106.15600024466721,71.14397099149588,58.568724549776526,22.21165160366606,31.44244502669246,-4.565217391304348,19.043478260869566,0.3626086956521739,7.329565217391305,43.91304347826087,93.30434782608695,52.39130434782609,32.47826086956522,110.43478260869566,8.730434782608695,104.34782608695652,1.7336167003820206,0.37391304347826093,135.69771221052164,1.8746328535769439,1.882608695652174,4.0086956521739125,4.469565217391304,1.1478260869565218,0.08434782608695651,38.08695652173913,12.630434782608695,34.69565217391305,12.780921204736913,341.30434782608694,184.63121322290306,61,0,1,0,-10,10,0
P-1002,101.33301574401264,94.58940359615532,37.84423425128339,103.77503548565385,72.41899532456193,56.43046163623524,24.10906526000973,31.82844082098076,-4.739130434782608,18.82608695652174,0.37956521739130433,7.321739130434783,44.34782608695652,92.78260869565217,55.434782608695656,34.08695652173913,113.26086956521739,8.678260869565218,104.6086956521739,2.995592656796692,0.4043478260869565,138.3163744733236,2.773350845402541,1.8695652173913042,4.065217391304348,4.521739130434783,1.208695652173913,0.0926086956521739,37.65217391304348,12.478260869565217,35.21739130434783,14.06162941088921,334.7826086956522,182.5311496406343,61,0,1,0,-10,11,0
P-1002,102.47597856161018,94.29187080622866,37.83836823638925,103.9186302111381,70.50104885207169,55.81634396047039,23.072435390023085,29.902259048831088,-4.913043478260869,18.608695652173914,0.39652173913043476,7.313913043478261,44.78260869565217,92.26086956521739,58.47826086956522,35.69565217391305,116.08695652173913,8.626086956521739,104.8695652173913,1.1113206416137509,0.4347826086956522,142.63674145168275,1.367700207728706,1.8565217391304347,4.121739130434783,4.573913043478261,1.2695652173913041,0.1008695652173913,37.21739130434783,12.326086956521738,35.73913043478261,13.366962274825704,328.2608695652174,176.72196846981143,61,0,1,0,-10,12,0
P-1002,104.53696860896932,93.72525154994007,38.086938876563295,102.02216349787625,69.25076979913314,54.58304312822796,24.756206458797706,30.554680169414524,-5.086956521739131,18.391304347826086,0.4134782608695652,7.306086956521739,45.21739130434783,91.73913043478261,61.52173913043478,37.30434782608695,118.91304347826087,8.57391304347826,105.13043478260869,1.5268103803245974,0.4652173913043478,144.0915072723611,4.024994269665748,1.8434782608695652,4.178260869565217,4.626086956521739,1.3304347826086955,0.10913043478260868,36.78260869565217,12.173913043478262,36.26086956521739,13.825579853868685,321.7391304347826,175.12161724214621,61,0,1,0,-10,13,0
P-1002,106.10309334441537,93.62242367889989,38.19146439038643,100.99805170535541,68.29845654376429,52.680761908706614,25.126849782818216,29.797031118216605,-5.260869565217391,18.17391304347826,0.43043478260869567,7.298260869565217,45.65217391304348,91.21739130434783,64.56521739130434,38.913043478260875,121.73913043478261,8.521739130434781,105.3913043478261,1.8584425170941317,0.4956521739130435,147.10230289822957,3.8542073194855258,1.8304347826086955,4.234782608695652,4.678260869565218,1.391304347826087,0.11739130434782608,36.34782608695652,12.021739130434783,36.78260869565217,16.085620907904556,315.2173913043478,168.90143579576414,61,0,1,0,-10,14,0
P-1002,106.01393112078026,93.48815815577629,37.89920213084599,99.4706445402877,65.7986547517269,50.9778643792965,26.395437609938085,30.846582768186043,-5.434782608695652,17.956521739130434,0.4473913043478261,7.2904347826086955,46.08695652173913,90.69565217391305,67.6086956521739,40.52173913043478,124.56521739130434,8.469565217391304,105.65217391304348,-0.7629274180994079,0.5260869565217392,151.50154940110227,2.893981030763472,1.817391304347826,4.291304347826086,4.730434782608696,1.4521739130434783,0.12565217391304348,35.91304347826087,11.869565217391305,37.30434782608695,14.493649409080325,308.69565217391306,164.78259489800172,61,0,1,0,-10,15,0
P-1002,107.91312480847526,93.0030206788317,38.31324029229461,97.1860159263001,66.10996739679841,51.123060239282154,25.757206435064898,30.415253593004238,-5.608695652173913,17.73913043478261,0.46434782608695657,7.282608695652174,46.52173913043478,90.17391304347827,70.65217391304348,42.130434782608695,127.3913043478261,8.417391304347825,105.91304347826087,1.1014760872588707,0.5565217391304348,153.6944539059253,3.893107485336668,1.8043478260869565,4.3478260869565215,4.782608695652174,1.5130434782608695,0.13391304347826086,35.47826086956522,11.717391304347826,37.82608695652174,16.70857385796466,302.17391304347825,162.0226001528154,61,0,1,0,-10,16,0
P-1002,108.09344560167018,92.69293260816455,38.5134111287089,96.97735959325264,66.4274049397402,49.55901490874713,27.51186254797309,29.539971262140014,-5.782608695652174,17.52173913043478,0.481304347826087,7.274782608695652,46.95652173913044,89.65217391304348,73.69565217391305,43.73913043478261,130.2173913043478,8.365217391304348,106.17391304347827,1.4062357919577064,0.5869565217391305,154.85853993792514,3.971800449962504,1.7913043478260868,4.404347826086957,4.834782608695653,1.5739130434782607,0.14217391304347826,35.04347826086956,11.565217391304348,38.34782608695652,17.9039483303794,295.6521739130435,156.63840667108613,61,0,1,0,-10,17,0
P-1002,110.53578020399277,92.33035353047727,38.47822933104984,95.39506990242754,65.17911969380424,46.8672004517318,26.24031259730797,27.73778200075185,-5.956521739130435,17.304347826086957,0.4982608695652174,7.2669565217391305,47.391304347826086,89.13043478260869,76.73913043478261,45.34782608695652,133.04347826086956,8.31304347826087,106.43478260869566,1.5957491344228047,0.6173913043478261,157.91613036376552,3.2520599051697077,1.7782608695652173,4.460869565217391,4.886956521739131,1.634782608695652,0.15043478260869564,34.608695652173914,11.41304347826087,38.869565217391305,17.32856750349585,289.1304347826087,153.2755588144068,61,0,1,0,-10,18,0
P-1002,111.64097146206117,92.15306741979549,38.558201359178334,95.05187190674317,63.52542165447271,48.09740066724449,27.628438748473013,30.367189076967463,-6.130434782608695,17.08695652173913,0.5152173913043478,7.259130434782609,47.82608695652174,88.6086956521739,79.78260869565219,46.95652173913044,135.8695652173913,8.26086956521739,106.69565217391305,1.1797866313662715,0.6478260869565218,159.87398778731045,3.9911942283753836,1.7652173913043478,4.517391304347826,4.939130434782609,1.6956521739130435,0.15869565217391304,34.17391304347826,11.26086956521739,39.391304347826086,17.36302907750625,282.60869565217394,148.73940725484206,61,0,1,0,-10,19,0
P-1002,112.07157084506744,92.03287620362175,38.571883399709435,93.25830495118956,61.56148482153449,47.24188678165075,28.504573616101624,28.263585701888474,-6.304347826086957,16.869565217391305,0.5321739130434783,7.251304347826087,48.26086956521739,88.08695652173913,82.82608695652175,48.565217391304344,138.69565217391306,8.208695652173914,106.95652173913044,1.9764658265106227,0.6782608695652174,163.64126796912555,3.686362736442144,1.7521739130434781,4.57391304347826,4.9913043478260875,1.7565217391304349,0.16695652173913045,33.73913043478261,11.108695652173914,39.91304347826087,18.525698858402972,276.0869565217391,144.49367210551145,61,0,1,0,-10,20,0
P-1002,114.29658517139863,91.64765447767901,38.619780856751696,90.74918549005464,62.19938366261843,46.38966433587364,28.23276874125328,28.334241731140825,-6.478260869565217,16.652173913043477,0.5491304347826087,7.243478260869565,48.69565217391305,87.56521739130434,85.86956521739131,50.173913043478265,141.52173913043478,8.156521739130435,107.21739130434783,1.6345420812696003,0.7086956521739131,167.0932563165393,2.428584166490535,1.7391304347826086,4.630434782608695,5.043478260869565,1.8173913043478258,0.17521739130434782,33.30434782608695,10.956521739130434,40.434782608695656,17.64013926309208,269.5652173913044,140.88142401764114,61,0,1,0,-10,21,1
P-1002,116.98914157242449,91.34524692252039,38.53525005460461,90.79705434682185,61.37584944053883,43.28297011518547,29.155750636975988,29.15269125456353,-6.6521739130434785,16.434782608695652,0.5660869565217391,7.235652173913043,49.130434782608695,87.04347826086956,88.91304347826087,51.78260869565217,144.34782608695653,8.104347826086956,107.47826086956522,1.574158193092199,0.7391304347826086,169.99790711715946,3.1829405075435426,1.7260869565217392,4.6869565217391305,5.095652173913043,1.8782608695652172,0.1834782608695652,32.869565217391305,10.804347826086957,40.95652173913044,18.0186228953929,263.04347826086956,137.40961622623743,61,0,1,0,-10,22,1
P-1002,116.88897994976972,90.99462525627108,38.80774634304381,88.84231671620243,60.06303603442255,42.62836475345917,28.96896864308343,27.780731375600148,-6.826086956521739,16.217391304347828,0.5830434782608696,7.227826086956521,49.565217391304344,86.52173913043478,91.95652173913044,53.391304347826086,147.17391304347825,8.052173913043479,107.73913043478261,0.6080438852225882,0.7695652173913043,171.34646660213872,5.262515098913028,1.7130434782608694,4.743478260869566,5.147826086956522,1.9391304347826086,0.1917391304347826,32.434782608695656,10.652173913043478,41.47826086956522,19.880218621583744,256.52173913043475,134.3434710302035,61,0,1,0,-10,23,1
P-1002,118.18822088927061,90.78643983469014,38.86694832213146,87.3547208765541,56.973892279791585,42.57105610918592,30.1933156173414,26.508818558885682,-7.0,16.0,0.6,7.22,50.0,86.0,95.0,55.0,150.0,8.0,108.0,2.025686139176748,0.8,174.5042672526971,5.960943079216851,1.7,4.8,5.2,2.0,0.2,32.0,10.5,42.0,19.647478062744206,250.0,130.2151307581429,61,0,1,0,-10,24,1
P-1003,105.37690903471994,93.9199821479253,37.938254251667566,106.09011411184267,69.16753115799006,50.06977573525641,25.288749596009517,32.0394623620856,-6.0,21.0,0.21,7.4,40.0,98.0,,18.0,,9.2,102.0,1.251612819043245,,149.8480609271822,2.4757845876405344,2.0,3.5,4.0,0.6,,42.0,14.0,,13.450529567503851,,159.77102164012746,68,1,1,0,-12,1,0
P-1003,105.41363739254948,93.78258634528451,38.13519784542334,102.63056246066628,69.68979216796461,52.9030175507741,24.5723508746453,29.38231378338867,-6.043478260869565,20.782608695652176,0.22695652173913042,7.392173913043479,40.43478260869565,97.47826086956522,,19.608695652173914,,9.14782608695652,102.26086956521739,0.17198445472466006,,152.07893318825583,2.8342235154305047,1.9869565217391305,3.5565217391304347,4.052173913043478,0.6608695652173913,,41.56521739130435,13.847826086956522,,15.926988022270502,,156.87064299716442,68,1,1,0,-12,2,0
P-1003,109.08695566253874,93.36517843775535,38.363226619928795,101.76918135481787,68.73067689865962,50.77725934146776,24.17432741909948,29.44626471779651,-6.086956521739131,20.565217391304348,0.24391304347826087,7.384347826086957,40.869565217391305,96.95652173913044,31.086956521739133,21.217391304347828,90.65217391304348,9.095652173913043,102.52173913043478,0.25947335892505885,0.16086956521739132,154.06067021981818,4.065667243378324,1.9739130434782608,3.6130434782608694,4.104347826086957,0.7217391304347825,0.026521739130434784,41.130434782608695,13.695652173913043,31.043478260869566,15.610531853962025,386.95652173913044,153.46421060838327,68,1,1,0,-12,3,0
P-1003,108.63917072732977,93.07471835628635,37.91371738498898,100.18573419810868,67.77695781624651,49.36443373871643,23.252552352630502,29.584396968416943,-6.130434782608695,20.347826086956523,0.2608695652173913,7.376521739130435,41.30434782608695,96.43478260869566,,22.82608695652174,,9.043478260869565,102.78260869565217,0.6161010485447109,,157.4533935415266,3.461374065088957,1.9608695652173913,3.6695652173913045,4.156521739130435,0.7826086956521738,,40.69565217391305,13.543478260869565,,15.73324796685777,,150.88603762139928,68,1,1,0,-12,4,0
P-1003,112.12347313049509,92.84563698546091,38.28424242771104,100.1708054820001,67.17515982419542,49.543546421868086,26.740510441634765,28.191637317264085,-6.173913043478261,20.130434782608695,0.2778260869565217,7.368695652173913,41.73913043478261,95.91304347826087,,24.434782608695652,,8.991304347826086,103.04347826086956,2.3587283334649305,,159.1981449967849,3.042978369470917,1.9478260869565218,3.726086956521739,4.208695652173913,0.8434782608695652,,40.26086956521739,13.391304347826086,,16.355847898053025,,148.1552212913678,68,1,1,0,-12,5,0
P-1003,111.1819201482003,92.52537245314569,38.24574447065024,99.8920777051206,63.85075208054825,47.64298378855344,25.547979976309104,26.404584755308473,-6.217391304347826,19.91304347826087,0.2947826086956522,7.360869565217391,42.17391304347826,95.3913043478261,40.21739130434783,26.043478260869566,99.13043478260869,8.939130434782609,103.30434782608695,1.6217249720371096,0.25217391304347825,161.76047321817788,2.7682196792875655,1.934782608695652,3.782608695652174,4.260869565217392,0.9043478260869564,0.051304347826086956,39.82608695652174,13.23913043478261,32.608695652173914,16.44178815080152,367.39130434782606,144.58602488724125,68,1,1,0,-12,6,0
P-1003,112.0014359803048,92.16536986229623,38.496506477998814,97.17575468623852,64.05414878851501,48.01205655872372,26.431466759589274,28.43103123082845,-6.260869565217392,19.695652173913043,0.31173913043478263,7.35304347826087,42.608695652173914,94.86956521739131,,27.652173913043477,,8.88695652173913,103.56521739130434,1.0110679435500958,,164.179274075466,3.6760390883028933,1.9217391304347826,3.8391304347826085,4.3130434782608695,0.9652173913043478,,39.391304347826086,13.08695652173913,,18.170026570645568,,140.42511488806505,68,1,1,0,-12,7,0
P-1003,113.15772204332538,91.63504352521099,38.49851452920424,96.50184678987779,63.095219252943004,46.74914380698308,27.94589334674901,25.74062711500681,-6.304347826086957,19.47826086956522,0.32869565217391306,7.345217391304348,43.04347826086956,94.34782608695652,,29.26086956521739,,8.834782608695651,103.82608695652173,3.064595267289307,,167.3529842271516,2.6374716567729903,1.9086956521739131,3.895652173913043,4.3652173913043475,1.026086956521739,,38.95652173913044,12.934782608695652,,17.30516910735335,,137.39998262981368,68,1,1,0,-12,8,0
P-1003,114.52265387339467,91.39728701001377,38.51934597055188,95.65531511692227,63.48246931596086,45.93681972899637,27.70077585072892,27.343886572271916,-6.3478260869565215,19.26086956521739,0.3456521739130435,7.337391304347826,43.47826086956522,93.82608695652173,49.34782608695652,30.869565217391305,107.6086956521739,8.782608695652174,104.08695652173913,0.6562763175300623,0.34347826086956523,169.93183110072988,4.604822606920115,1.8956521739130434,3.9521739130434783,4.417391304347826,1.0869565217391304,0.07608695652173912,38.52173913043478,12.782608695652174,34.17391304347826,19.123867495120795,347.82608695652175,132.11522863398818,68,1,1,0,-12,9,0
P-1003,117.68931050939216,91.1077761122904,38.22972034119207,94.51401046550141,62.91858362455868,46.78590170490398,28.32608153594203,26.57219186012275,-6.391304347826087,19.043478260869566,0.3626086956521739,7.329565217391305,43.91304347826087,93.30434782608695,,32.47826086956522,,8.730434782608695,104.34782608695652,1.7692838890657079,,173.16074365112541,3.415930285340805,1.882608695652174,4.0086956521739125,4.469565217391304,1.1478260869565218,,38.08695652173913,12.630434782608695,,18.922204511597396,,129.84011958846042,68,1,1,0,-12,10,0
P-1003,119.47161298252726,91.12692904166376,38.427089831632976,93.9448850246552,61.816048953685275,44.96273215153715,29.347558300591544,27.030036044723804,-6.434782608695652,18.82608695652174,0.37956521739130433,7.321739130434783,44.34782608695652,92.78260869565217,,34.08695652173913,,8.678260869565218,104.6086956521739,2.3378505177060322,,173.97994034018933,4.870272258608686,1.8695652173913042,4.065217391304348,4.521739130434783,1.208695652173913,,37.65217391304348,12.478260869565217,,19.857351113654293,,125.96441544405475,68,1,1,0,-12,11,0
P-1003,118.90287251987722,90.46019776939748,38.874011623329906,93.47015279444769,61.52215908893214,44.07373595087601,29.863108792414298,26.183555587959724,-6.478260869565218,18.608695652173914,0.39652173913043476,7.313913043478261,44.78260869565217,92.26086956521739,58.47826086956522,35.69565217391305,116.08695652173913,8.626086956521739,104.8695652173913,2.4393321740338547,0.4347826086956522,175.2622261326194,4.588324778039962,1.8565217391304347,4.121739130434783,4.573913043478261,1.2695652173913041,0.1008695652173913,37.21739130434783,12.326086956521738,35.73913043478261,18.907831599282584,328.2608695652174,124.17874352534822,68,1,1,0,-12,12,0
P-1003,120.6112162235902,90.335866652378,38.94789504456191,91.6284141410716,59.574373742577514,43.329464630449564,29.252761206831185,25.6637557686853,-6.521739130434782,18.391304347826086,0.4134782608695652,7.306086956521739,45.21739130434783,91.73913043478261,,37.30434782608695,,8.57391304347826,105.13043478260869,1.5813822642432063,,179.10462962555107,3.7079712855676306,1.8434782608695652,4.178260869565217,4.626086956521739,1.3304347826086955,,36.78260869565217,12.173913043478262,,20.096549802262285,,119.86931278625279,68,1,1,0,-12,13,0
P-1003,122.26953346707703,89.77547213416435,38.716379913071385,90.53569154350255,59.5430311650301,43.211973822134276,29.683304478564644,24.8022246071899,-6.565217391304348,18.17391304347826,0.43043478260869567,7.298260869565217,45.65217391304348,91.21739130434783,,38.913043478260875,,8.521739130434781,105.3913043478261,2.5382066361877826,,181.96694024201278,3.854780068548334,1.8304347826086955,4.234782608695652,4.678260869565218,1.391304347826087,,36.34782608695652,12.021739130434783,,20.927857836843764,,118.63856054145796,68,1,1,0,-12,14,0
P-1003,123.15508663999245,89.55249955295348,38.74343835827445,88.73900234715276,57.664420360210215,41.189858626581355,30.28926437371505,24.727268589480207,-6.608695652173913,17.956521739130434,0.4473913043478261,7.2904347826086955,46.08695652173913,90.69565217391305,67.6086956521739,40.52173913043478,124.56521739130434,8.469565217391304,105.65217391304348,1.969710283722723,0.5260869565217392,183.69682408784692,4.367112350411006,1.817391304347826,4.291304347826086,4.730434782608696,1.4521739130434783,0.12565217391304348,35.91304347826087,11.869565217391305,37.30434782608695,21.33611878918188,308.69565217391306,114.54310959813921,68,1,1,0,-12,15,0
P-1003,123.65367419043109,89.36259644011584,39.063492627943994,86.46164073763866,55.26319817995401,39.42356735566686,30.545027087696116,24.807342518078332,-6.6521739130434785,17.73913043478261,0.46434782608695657,7.282608695652174,46.52173913043478,90.17391304347827,,42.130434782608695,,8.417391304347825,105.91304347826087,0.2095585404741711,,187.11871577883417,4.923302620007729,1.8043478260869565,4.3478260869565215,4.782608695652174,1.5130434782608695,,35.47826086956522,11.717391304347826,,22.49309099357758,,111.40370362128378,68,1,1,0,-12,16,0
P-1003,124.96734060547794,89.0734638058402,38.79141403850266,85.5019144674858,55.8259469177207,41.31590127042587,32.42643107952045,24.166031228663535,-6.695652173913043,17.52173913043478,0.481304347826087,7.274782608695652,46.95652173913044,89.65217391304348,,43.73913043478261,,8.365217391304348,106.17391304347827,3.8073006474478213,,188.3657158260543,6.689265562555923,1.7913043478260868,4.404347826086957,4.834782608695653,1.5739130434782607,,35.04347826086956,11.565217391304348,,21.984982920718135,,107.75144803679896,68,1,1,0,-12,17,0
P-1003,127.46629262159253,89.30291500842687,39.08856240144411,84.4776666369084,55.992589600568515,39.14531657902818,30.99950420150512,24.813837609652822,-6.739130434782608,17.304347826086957,0.4982608695652174,7.2669565217391305,47.391304347826086,89.13043478260869,76.73913043478261,45.34782608695652,133.04347826086956,8.31304347826087,106.43478260869566,2.4720577427096253,0.6173913043478261,190.99214663099238,5.3379119484777915,1.7782608695652173,4.460869565217391,4.886956521739131,1.634782608695652,0.15043478260869564,34.608695652173914,11.41304347826087,38.869565217391305,22.61416507943553,289.1304347826087,104.8344838925887,68,1,1,0,-12,18,1
P-1003,126.92868732340088,88.62172503072621,38.87008839137328,82.71572590894377,54.30109709186958,38.76283697656461,31.271282024863915,24.40395592091699,-6.782608695652174,17.08695652173913,0.5152173913043478,7.259130434782609,47.82608695652174,88.6086956521739,,46.95652173913044,,8.26086956521739,106.69565217391305,2.0494919964014255,,193.26656968858737,4.387129432120666,1.7652173913043478,4.517391304347826,4.939130434782609,1.6956521739130435,,34.17391304347826,11.26086956521739,,22.500531957503693,,101.26707800981549,68,1,1,0,-12,19,1
P-1003,128.97629433595336,88.32603370596627,39.08336339872846,81.18209517126351,51.91138771724759,37.94666630478699,32.08409571098831,23.308568256966378,-6.826086956521739,16.869565217391305,0.5321739130434783,7.251304347826087,48.26086956521739,88.08695652173913,,48.565217391304344,,8.208695652173914,106.95652173913044,3.3320327313569003,,194.49720533437502,5.586309686949739,1.7521739130434781,4.57391304347826,4.9913043478260875,1.7565217391304349,,33.73913043478261,11.108695652173914,,23.441317436825535,,97.15459434013552,68,1,1,0,-12,20,1
P-1003,130.2122974354292,87.95638097833618,39.317176889405665,81.17666757984317,50.60733577684619,35.854197014259526,32.02922279567624,22.597295150873393,-6.869565217391305,16.652173913043477,0.5491304347826087,7.243478260869565,48.69565217391305,87.56521739130434,85.86956521739131,50.173913043478265,141.52173913043478,8.156521739130435,107.21739130434783,2.3810377179507376,0.7086956521739131,197.28527311197666,5.429810837326653,1.7391304347826086,4.630434782608695,5.043478260869565,1.8173913043478258,0.17521739130434782,33.30434782608695,10.956521739130434,40.434782608695656,23.726517072297778,269.5652173913044,95.6220803840869,68,1,1,0,-12,21,1
P-1003,131.70144998024566,87.68052698295197,38.95661021125021,80.65957945121252,51.821172981763624,36.360306877630684,34.401055668328105,22.19788621767727,-6.913043478260869,16.434782608695652,0.5660869565217391,7.235652173913043,49.130434782608695,87.04347826086956,,51.78260869565217,,8.104347826086956,107.47826086956522,1.665343365762948,,199.3563951440928,7.5525863625062195,1.7260869565217392,4.6869565217391305,5.095652173913043,1.8782608695652172,,32.869565217391305,10.804347826086957,,23.950089623226216,,91.57767479523064,68,1,1,0,-12,22,1
P-1003,133.09424749566224,87.36390282108928,39.326815574167085,78.67617888327484,51.659489333428425,36.66513664119952,34.71425879655498,22.7713568126571,-6.956521739130435,16.217391304347828,0.5830434782608696,7.227826086956521,49.565217391304344,86.52173913043478,,53.391304347826086,,8.052173913043479,107.73913043478261,2.489153021966795,,202.70407634107582,7.142916882712038,1.7130434782608694,4.743478260869566,5.147826086956522,1.9391304347826086,,32.434782608695656,10.652173913043478,,23.0605786489251,,87.56726536015864,68,1,1,0,-12,23,1
P-1003,134.54284062464262,86.97507632370754,39.5823262320306,77.86422416286369,50.331033853752174,34.81418453606061,34.06057063036547,22.004813344348857,-7.0,16.0,0.6,7.22,50.0,86.0,95.0,55.0,150.0,8.0,108.0,4.117915198082663,0.8,205.47163750882848,6.5586592527785275,1.7,4.8,5.2,2.0,0.2,32.0,10.5,42.0,25.932246028437742,250.0,85.24769606552734,68,1,1,0,-12,24,1
P-1004,81.07930839265154,97.98681848863765,37.14104341973254,125.69277491073372,88.16928778623604,74.70911516765436,17.392613367195054,37.96024500660746,-6.0,21.0,0.21,7.4,40.0,98.0,25.0,18.0,85.0,9.2,102.0,1.0686730055464189,0.1,105.30630858910804,1.331487325565689,2.0,3.5,4.0,0.6,0.01,42.0,14.0,30.0,7.715441347543172,400.0,237.65552449931778,72,1,1,0,-8,1,0
P-1004,81.68996539200208,97.13278483671527,37.17646094231506,123.20811042633517,85.33092654110544,71.60423140997511,19.009476269152177,35.87364545995925,-6.043478260869565,,,,,,28.043478260869566,19.608695652173914,87.82608695652173,,,1.23077676759197,0.13043478260869565,110.10482169295473,3.150857989052823,,,,0.6608695652173913,0.018260869565217393,41.56521739130435,13.847826086956522,30.52173913043478,8.868029334850227,393.4782608695652,234.11958647532063,72,1,1,0,-8,2,0
P-1004,86.41551611979519,96.76614957789803,37.21204969391931,119.56038059128223,84.31707347336213,69.75407241175857,19.565573162271686,35.54942862978299,-6.086956521739131,20.565217391304348,0.24391304347826087,7.384347826086957,40.869565217391305,96.95652173913044,31.086956521739133,21.217391304347828,90.65217391304348,9.095652173913043,102.52173913043478,1.187193266898846,0.16086956521739132,114.2002302170645,1.3868068789428136,1.9739130434782608,3.6130434782608694,4.104347826086957,0.7217391304347825,0.026521739130434784,41.130434782608695,13.695652173913043,31.043478260869566,9.654184890284549,386.95652173913044,226.1456252727953,72,1,1,0,-8,3,0
P-1004,88.99281685042472,96.33961492578864,37.26423642569103,117.34478719548773,83.13765886315866,68.89243497526093,18.514558228977243,34.96619406802306,-6.130434782608695,,,,,,34.130434782608695,22.82608695652174,93.47826086956522,,,1.618628665269986,0.19130434782608696,120.26483212399695,2.4580316913340035,,,,0.7826086956521738,0.034782608695652174,40.69565217391305,13.543478260869565,31.565217391304348,10.908204813538925,380.4347826086956,217.3548455910926,72,1,1,0,-8,4,0
P-1004,92.1926868011193,95.49279886749565,37.56536595010861,117.48776743462633,82.47897430454985,67.74749847111777,20.56438656773933,34.325654391290634,-6.173913043478261,20.130434782608695,0.2778260869565217,7.368695652173913,41.73913043478261,95.91304347826087,37.173913043478265,24.434782608695652,96.30434782608695,8.991304347826086,103.04347826086956,1.3220026546770616,0.2217391304347826,124.95257388317926,2.7395452539491343,1.9478260869565218,3.726086956521739,4.208695652173913,0.8434782608695652,0.043043478260869565,40.26086956521739,13.391304347826086,32.08695652173913,11.575203229004787,373.9130434782609,211.96335033158792,72,1,1,0,-8,5,0
P-1004,94.46004871177064,94.89435077925506,37.63856481752963,114.13282941556865,79.57651580758163,65.40562861115306,21.26534422098626,33.909346356990795,-6.217391304347826,,,,,,40.21739130434783,26.043478260869566,99.13043478260869,,,2.4755829633837783,0.25217391304347825,128.67592372545187,2.68568277841889,,,,0.9043478260869564,0.051304347826086956,39.82608695652174,13.23913043478261,32.608695652173914,11.359975617427338,367.39130434782606,203.72983898760316,72,1,1,0,-8,6,0
P-1004,96.81613894537445,94.19466931285477,37.65999991084211,111.73744133469344,77.29575181719187,63.53923983325554,22.750161158519383,32.81805568781977,-6.260869565217392,19.695652173913043,0.31173913043478263,7.35304347826087,42.608695652173914,94.86956521739131,43.26086956521739,27.652173913043477,101.95652173913044,8.88695652173913,103.56521739130434,-0.2602757169002152,0.28260869565217395,133.25583194840843,2.966993200645563,1.9217391304347826,3.8391304347826085,4.3130434782608695,0.9652173913043478,0.05956521739130435,39.391304347826086,13.08695652173913,33.130434782608695,13.710299038749616,360.8695652173913,196.66497113731887,72,1,1,0,-8,7,0
P-1004,100.28971750665562,93.73843548894895,37.917699406435844,110.73271620982906,75.98830699512362,60.81710244243031,23.779433237862676,31.403752846662286,-6.304347826086957,,,,,,46.30434782608695,29.26086956521739,104.78260869565217,,,1.084217705817157,0.3130434782608696,140.54192109495384,2.8945380527583646,,,,1.026086956521739,0.06782608695652173,38.95652173913044,12.934782608695652,33.65217391304348,14.875865575307744,354.3478260869565,190.4271516070462,72,1,1,0,-8,8,0
P-1004,102.10573176368665,93.2765189018413,37.97435016919703,107.69023636207203,73.477097755317,58.70393953296563,23.874217764564538,31.5210320923727,-6.3478260869565215,19.26086956521739,0.3456521739130435,7.337391304347826,43.47826086956522,93.82608695652173,49.34782608695652,30.869565217391305,107.6086956521739,8.782608695652174,104.08695652173913,0.6413781855929384,0.34347826086956523,145.0877182036592,2.38767377912236,1.8956521739130434,3.9521739130434783,4.417391304347826,1.0869565217391304,0.07608695652173912,38.52173913043478,12.782608695652174,34.17391304347826,15.306531538026329,347.82608695652175,182.44544078462283,72,1,1,0,-8,9,0
P-1004,107.43436498561235,92.31514178210672,38.19906305453874,105.55465653988549,72.67676362136929,57.65989572201491,25.573172758904015,30.22487800346691,-6.391304347826087,,,,,,52.39130434782609,32.47826086956522,110.43478260869566,,,2.644918092526007,0.37391304347826093,149.95179852287896,4.57193579733988,,,,1.1478260869565218,0.08434782608695651,38.08695652173913,12.630434782608695,34.69565217391305,15.460910041141961,341.30434782608694,174.91928891252525,72,1,1,0,-8,10,0
P-1004,107.22938647990695,91.98129703631301,38.303725415278116,103.19898462136071,70.45118709321078,54.847436864328266,25.94700065976685,28.33446024439669,-6.434782608695652,18.82608695652174,0.37956521739130433,7.321739130434783,44.34782608695652,92.78260869565217,55.434782608695656,34.08695652173913,113.26086956521739,8.678260869565218,104.6086956521739,2.8986888190626825,0.4043478260869565,154.53073193194328,2.9349150019292862,1.8695652173913042,4.065217391304348,4.521739130434783,1.208695652173913,0.0926086956521739,37.65217391304348,12.478260869565217,35.21739130434783,16.877081010800353,334.7826086956522,170.508238254201,72,1,1,0,-8,11,0
P-1004,111.8438922992294,91.3409106981472,38.17296502690109,101.43303208312005,68.91909840433527,54.00136005875065,26.716811730608228,27.751077489552223,-6.478260869565218,,,,,,58.47826086956522,35.69565217391305,116.08695652173913,,,1.7264660148879514,0.4347826086956522,160.00680450137853,2.686838968417118,,,,1.2695652173913041,0.1008695652173913,37.21739130434783,12.326086956521738,35.73913043478261,18.08781329792933,328.2608695652174,160.6100854020142,72,1,1,0,-8,12,0
P-1004,113.94029362841945,90.72270676536701,38.205939585590805,99.89407784278004,68.39378318499399,52.482601845997415,28.735452548205707,29.124002780059744,-6.521739130434782,18.391304347826086,0.4134782608695652,7.306086956521739,45.21739130434783,91.73913043478261,61.52173913043478,37.30434782608695,118.91304347826087,8.57391304347826,105.13043478260869,2.5308515507033853,0.4652173913043478,164.12212986036238,5.082340322688829,1.8434782608695652,4.178260869565217,4.626086956521739,1.3304347826086955,0.10913043478260868,36.78260869565217,12.173913043478262,36.26086956521739,18.92606195038575,321.7391304347826,154.32877193693807,72,1,1,0,-8,13,0
P-1004,116.47362200374855,89.88358442607014,38.29385355999211,97.78198248902908,66.06348047798146,51.45078819696608,28.65222571044147,26.46950527480467,-6.565217391304348,,,,,,64.56521739130434,38.913043478260875,121.73913043478261,,,2.219712712202443,0.4956521739130435,169.71098365999725,4.2424328510393785,,,,1.391304347826087,0.11739130434782608,36.34782608695652,12.021739130434783,36.78260869565217,19.385972863879417,315.2173913043478,147.646074817788,72,1,1,0,-8,14,0
P-1004,118.80336670787712,89.32996679715002,38.58928672214135,94.56770423145285,63.052323242415866,48.246119118955775,29.635268098439994,26.4360498095738,-6.608695652173913,17.956521739130434,0.4473913043478261,7.2904347826086955,46.08695652173913,90.69565217391305,67.6086956521739,40.52173913043478,124.56521739130434,8.469565217391304,105.65217391304348,2.0657526770755212,0.5260869565217392,174.28463411841642,6.108377341640233,1.817391304347826,4.291304347826086,4.730434782608696,1.4521739130434783,0.12565217391304348,35.91304347826087,11.869565217391305,37.30434782608695,20.095156241631955,308.69565217391306,137.88725662521622,72,1,1,0,-8,15,0
P-1004,120.9199760430436,88.76668731596482,38.83769092161536,92.25935412750911,62.94379887771548,46.65805935941421,30.725434443050304,25.84200632009087,-6.6521739130434785,,,,,,70.65217391304348,42.130434782608695,127.3913043478261,,,0.5095288099033737,0.5565217391304348,179.5654633351551,4.95086308825369,,,,1.5130434782608695,0.13391304347826086,35.47826086956522,11.717391304347826,37.82608695652174,22.41851426330945,302.17391304347825,130.79006775227515,72,1,1,0,-8,16,0
P-1004,123.75075274033266,88.364385228932,38.81009351448673,89.90999457404337,60.98914799807167,45.60676501817436,31.755941917191166,25.944039101467734,-6.695652173913043,17.52173913043478,0.481304347826087,7.274782608695652,46.95652173913044,89.65217391304348,73.69565217391305,43.73913043478261,130.2173913043478,8.365217391304348,106.17391304347827,3.0278186885913083,0.5869565217391305,185.0010718774036,5.42246403683266,1.7913043478260868,4.404347826086957,4.834782608695653,1.5739130434782607,0.14217391304347826,35.04347826086956,11.565217391304348,38.34782608695652,21.46385705683456,295.6521739130435,125.30588180241077,72,1,1,0,-8,17,0
P-1004,127.5261889447082,87.28454309376245,38.635173461432586,87.09382191977006,58.14417409064061,42.752835203317616,31.315878612216345,23.646656182846993,-6.739130434782608,,,,,,76.73913043478261,45.34782608695652,133.04347826086956,,,4.015306601675978,0.6173913043478261,189.70913336775456,4.772196222398535,,,,1.634782608695652,0.15043478260869564,34.608695652173914,11.41304347826087,38.869565217391305,24.748547969312884,289.1304347826087,117.71407872672184,72,1,1,0,-8,18,1
P-1004,128.0371585413798,86.75725869888578,38.93898971116916,85.07128363079609,56.62777174858344,39.850270103373916,32.82520304204745,23.81455385015531,-6.782608695652174,17.08695652173913,0.5152173913043478,7.259130434782609,47.82608695652174,88.6086956521739,79.78260869565219,46.95652173913044,135.8695652173913,8.26086956521739,106.69565217391305,1.621869682239588,0.6478260869565218,194.35983064271852,6.010358982574976,1.7652173913043478,4.517391304347826,4.939130434782609,1.6956521739130435,0.15869565217391304,34.17391304347826,11.26086956521739,39.391304347826086,23.986151480037087,282.60869565217394,111.55331380149975,72,1,1,0,-8,19,1
P-1004,132.0715037229902,86.43318680720293,38.858759266442654,83.44269401024809,55.24881273278145,39.79472013046664,34.23503576900098,24.18194485161128,-6.826086956521739,,,,,,82.82608695652175,48.565217391304344,138.69565217391306,,,3.38270614536173,0.6782608695652174,201.56838768062642,6.779921660267508,,,,1.7565217391304349,0.16695652173913045,33.73913043478261,11.108695652173914,39.91304347826087,24.316415837314977,276.0869565217391,105.24268696206359,72,1,1,0,-8,20,1
P-1004,133.19151313882026,85.68710698984816,39.39665086148833,80.67511428976468,52.159358397714485,37.08930556500598,35.59705093279706,22.13547393905895,-6.869565217391305,16.652173913043477,0.5491304347826087,7.243478260869565,48.69565217391305,87.56521739130434,85.86956521739131,50.173913043478265,141.52173913043478,8.156521739130435,107.21739130434783,2.3170868702089638,0.7086956521739131,206.82530630182086,5.709983886284223,1.7391304347826086,4.630434782608695,5.043478260869565,1.8173913043478258,0.17521739130434782,33.30434782608695,10.956521739130434,40.434782608695656,24.85193437844648,269.5652173913044,95.81813142750762,72,1,1,0,-8,21,1
P-1004,137.02061755260064,85.35040516250854,39.209247075434334,79.19906074520769,50.90741768446893,33.53080724510812,35.07150562199997,20.029765925580904,-6.913043478260869,,,,,,88.91304347826087,51.78260869565217,144.34782608695653,,,4.051268891331392,0.7391304347826086,211.03245100985694,4.687129499377845,,,,1.8782608695652172,0.1834782608695652,32.869565217391305,10.804347826086957,40.95652173913044,25.304582385778907,263.04347826086956,89.31227715279304,72,1,1,0,-8,22,1
P-1004,139.7200904093468,84.72607947603117,39.2561697985304,77.59307380683241,50.322101822042086,33.364769122734785,37.53458881823206,21.192080641642477,-6.956521739130435,16.217391304347828,0.5830434782608696,7.227826086956521,49.565217391304344,86.52173913043478,91.95652173913044,53.391304347826086,147.17391304347825,8.052173913043479,107.73913043478261,2.1483495083944266,0.7695652173913043,215.26160789503146,6.303836163965499,1.7130434782608694,4.743478260869566,5.147826086956522,1.9391304347826086,0.1917391304347826,32.434782608695656,10.652173913043478,41.47826086956522,26.2322200367919,256.52173913043475,82.24311747701542,72,1,1,0,-8,23,1
P-1004,141.36597933563368,84.00398780119892,39.585580555420776,75.49455257173224,49.24150409609799,33.02158466575843,37.198966853794765,21.346868967630417,-7.0,,,,,,95.0,55.0,150.0,,,3.254389300840871,0.8,218.55384251218004,6.575218796355428,,,,2.0,0.2,32.0,10.5,42.0,28.83589824996354,250.0,74.67028049723443,72,1,1,0,-8,24,1
P-1005,124.86274839182693,87.76609251470416,39.145094885376416,79.2134341257114,51.362471208562646,35.24157659401542,33.41968678239362,21.497212215890567,-6.0,21.0,0.21,7.4,40.0,98.0,,,,9.2,102.0,4.39171843354481,,210.7994690659796,7.119595763092297,,,4.0,0.6,,42.0,14.0,,24.96916939052527,,79.61421401703767,47,0,0,1,-18,1,0
P-1005,123.20836551297492,88.51067104928772,38.850317655748334,79.78643988648047,53.3423835052565,35.93984996029729,33.790534792882795,23.128894856636606,-6.043478260869565,20.782608695652176,0.22695652173913042,7.392173913043479,40.43478260869565,97.47826086956522,,,,9.14782608695652,102.26086956521739,4.068171493162955,,205.733224463443,6.748756799402715,,,4.052173913043478,0.6608695652173913,,41.56521739130435,13.847826086956522,,25.490442088351507,,86.00439207420764,47,0,0,1,-18,2,0
P-1005,120.76198901381082,88.78611199306935,38.744820191327825,82.94823016035232,55.16052373766568,38.04296800186429,33.47663398791988,21.480898976511497,-6.086956521739131,20.565217391304348,0.24391304347826087,7.384347826086957,40.869565217391305,96.95652173913044,,,,9.095652173913043,102.52173913043478,2.8657660628417205,,199.80844833473648,4.4365440110642895,,,4.104347826086957,0.7217391304347825,,41.130434782608695,13.695652173913043,,24.158410054610602,,92.80905269238252,47,0,0,1,-18,3,0
P-1005,119.3727173791458,89.47443945503846,38.87580385601286,83.61402610567947,55.953104698003,39.510428675026226,30.07925038429216,24.032199293258667,-6.130434782608695,20.347826086956523,0.2608695652173913,7.376521739130435,41.30434782608695,96.43478260869566,34.130434782608695,22.82608695652174,93.47826086956522,9.043478260869565,102.78260869565217,2.1969534426762864,0.19130434782608696,195.53206687023996,6.498125617220266,1.9608695652173913,3.6695652173913045,4.156521739130435,0.7826086956521738,0.034782608695652174,40.69565217391305,13.543478260869565,31.565217391304348,21.52211323391568,380.4347826086956,97.98707177247414,47,0,0,1,-18,4,0
P-1005,117.5645244318923,89.25255706805608,38.76170578314486,85.9074318820339,57.53824836435308,39.45021580070802,30.246343360067655,25.421104155977808,-6.173913043478261,20.130434782608695,0.2778260869565217,7.368695652173913,41.73913043478261,95.91304347826087,,,,8.991304347826086,103.04347826086956,1.690781985921845,,191.19903927306785,3.3732567493301855,,,4.208695652173913,0.8434782608695652,,40.26086956521739,13.391304347826086,,21.76545953111475,,105.86104754561569,47,0,0,1,-18,5,0
P-1005,115.97533712963197,90.0413408020058,38.86239039769863,86.96808122766839,59.474748539176346,41.85543387756761,31.256678676721954,24.435071182412475,-6.217391304347826,19.91304347826087,0.2947826086956522,7.360869565217391,42.17391304347826,95.3913043478261,,,,8.939130434782609,103.30434782608695,1.2931707845976856,,187.94788606181825,4.920961886121108,,,4.260869565217392,0.9043478260869564,,39.82608695652174,13.23913043478261,,21.28654959020759,,111.70475515357793,47,0,0,1,-18,6,0
P-1005,114.01695575445001,90.1094914523297,38.48577643193751,89.55014486151403,59.10630463940119,43.79236110198931,30.266452274569563,25.868250260401307,-6.260869565217392,19.695652173913043,0.31173913043478263,7.35304347826087,42.608695652173914,94.86956521739131,,,,8.88695652173913,103.56521739130434,2.8270161358484405,,184.77729207394856,5.473055526570969,,,4.3130434782608695,0.9652173913043478,,39.391304347826086,13.08695652173913,,22.052813237402997,,118.35239736486828,47,0,0,1,-18,7,0
P-1005,111.74199983178848,90.61944802023983,38.48590859017185,91.13380151916328,61.6221059473126,45.43495194957351,30.673962494193802,26.52234434152781,-6.304347826086957,19.47826086956522,0.32869565217391306,7.345217391304348,43.04347826086956,94.34782608695652,46.30434782608695,29.26086956521739,104.78260869565217,8.834782608695651,103.82608695652173,2.2735534439683236,0.3130434782608696,178.49329655840117,4.331562999226166,1.9086956521739131,3.895652173913043,4.3652173913043475,1.026086956521739,0.06782608695652173,38.95652173913044,12.934782608695652,33.65217391304348,20.558831198345416,354.3478260869565,123.92812962555442,47,0,0,1,-18,8,0
P-1005,109.00997244628421,91.18332886319628,38.62607365594237,92.98163778193175,63.17729118653845,47.46388099304871,27.758684543063044,26.66639507495308,-6.3478260869565215,19.26086956521739,0.3456521739130435,7.337391304347826,43.47826086956522,93.82608695652173,,,,8.782608695652174,104.08695652173913,0.8829979348241175,,173.17451164945118,4.389059121619469,,,4.417391304347826,1.0869565217391304,,38.52173913043478,12.782608695652174,,19.820005674598786,,131.12438264902536,47,0,0,1,-18,9,0
P-1005,108.47547127203457,91.35269094390465,38.45581639915785,95.43129057683315,65.68071589886094,48.266457048930384,28.011122943809365,27.802144939673784,-6.391304347826087,19.043478260869566,0.3626086956521739,7.329565217391305,43.91304347826087,93.30434782608695,,,,8.730434782608695,104.34782608695652,2.4698884607918274,,169.05485257181996,3.1810003935982936,,,4.469565217391304,1.1478260869565218,,38.08695652173913,12.630434782608695,,18.32838817993987,,137.1839906538411,47,0,0,1,-18,10,0
P-1005,106.53733295956486,92.13408518709883,38.35781812996486,93.96722560219119,66.09387524308637,50.95523569970397,25.207016793992338,28.162302968324983,-6.434782608695652,18.82608695652174,0.37956521739130433,7.321739130434783,44.34782608695652,92.78260869565217,,,,8.678260869565218,104.6086956521739,2.3560772726910284,,163.81029646801278,5.238136652711015,,,4.521739130434783,1.208695652173913,,37.65217391304348,12.478260869565217,,16.73944136450144,,142.3108194790324,47,0,0,1,-18,11,0
P-1005,105.61669751603168,92.22296415307018,38.16063622117768,96.58998202889033,69.27246274476808,53.17777413095825,25.723565343271094,29.15608938191296,-6.478260869565218,18.608695652173914,0.39652173913043476,7.313913043478261,44.78260869565217,92.26086956521739,58.47826086956522,35.69565217391305,116.08695652173913,8.626086956521739,104.8695652173913,1.7364643535158995,0.4347826086956522,159.3892842036798,2.8851879351026213,1.8565217391304347,4.121739130434783,4.573913043478261,1.2695652173913041,0.1008695652173913,37.21739130434783,12.326086956521738,35.73913043478261,17.81558981079343,328.2608695652174,149.18457047491776,47,0,0,1,-18,12,0
P-1005,102.10069626910787,92.7998527656573,38.04708167968955,100.43444199138331,69.21035555275937,54.7149076749487,24.795355787468665,31.088133299214597,-6.521739130434782,18.391304347826086,0.4134782608695652,7.306086956521739,45.21739130434783,91.73913043478261,,,,8.57391304347826,105.13043478260869,2.9986737866637334,,157.00081019279258,2.5326121885947317,,,4.626086956521739,1.3304347826086955,,36.78260869565217,12.173913043478262,,17.13918464145908,,154.97044686827098,47,0,0,1,-18,13,0
P-1005,101.49204440026931,93.23262737276256,37.93029028457563,101.56534950820767,70.48464685141178,56.22546795531649,25.5122533678532,30.058094852550006,-6.565217391304348,18.17391304347826,0.43043478260869567,7.298260869565217,45.65217391304348,91.21739130434783,,,,8.521739130434781,105.3913043478261,2.549964075376703,,151.2485730382635,2.8317146667075592,,,4.678260869565218,1.391304347826087,,36.34782608695652,12.021739130434783,,16.050845997734072,,162.48024936188867,47,0,0,1,-18,14,0
P-1005,98.60934445239549,93.33891249449563,37.71324924627345,102.25684679253806,72.27651541097589,57.45498010385351,23.30018374941971,28.157244070958726,-6.608695652173913,17.956521739130434,0.4473913043478261,7.2904347826086955,46.08695652173913,90.69565217391305,,,,8.469565217391304,105.65217391304348,1.1900383303842779,,144.97440817775893,2.336928632940317,,,4.730434782608696,1.4521739130434783,,35.91304347826087,11.869565217391305,,15.548846434166013,,168.54934290734286,47,0,0,1,-18,15,0
P-1005,98.10748612501783,93.84796106838311,37.80437562468992,107.25192818133144,74.7348912109063,58.88518228557905,22.438467330364585,30.86999877339307,-6.6521739130434785,17.73913043478261,0.46434782608695657,7.282608695652174,46.52173913043478,90.17391304347827,70.65217391304348,42.130434782608695,127.3913043478261,8.417391304347825,105.91304347826087,1.3142394666059183,0.5565217391304348,141.43037121701252,3.5166142509551417,1.8043478260869565,4.3478260869565215,4.782608695652174,1.5130434782608695,0.13391304347826086,35.47826086956522,11.717391304347826,37.82608695652174,13.828864170860173,302.17391304347825,175.73896239187158,47,0,0,1,-18,16,0
P-1005,96.92662779616899,94.27448094978021,37.94605862869893,107.50324684251633,75.72689019773,60.15944159356843,21.49090566540833,32.1068951987946,-6.695652173913043,17.52173913043478,0.481304347826087,7.274782608695652,46.95652173913044,89.65217391304348,,,,8.365217391304348,106.17391304347827,0.5100157667156509,,135.81481261738145,3.6734512896244262,,,4.834782608695653,1.5739130434782607,,35.04347826086956,11.565217391304348,,13.206118245078631,,179.78135852435986,47,0,0,1,-18,17,0
P-1005,91.80329361399632,94.66859671696055,37.764408762169246,109.03274563132972,74.58297254195581,62.19521771868889,21.304543411389567,34.024625087136876,-6.739130434782608,17.304347826086957,0.4982608695652174,7.2669565217391305,47.391304347826086,89.13043478260869,,,,8.31304347826087,106.43478260869566,2.812508231392173,,132.84195480663922,1.4908114087947897,,,4.886956521739131,1.634782608695652,,34.608695652173914,11.41304347826087,,12.122240526616295,,187.5338957165555,47,0,0,1,-18,18,0
P-1005,91.43949363657563,95.09296979166815,37.62968490780265,110.2219761622771,78.52853381964829,62.858119325622006,20.958346552178277,33.0995145097595,-6.782608695652174,17.08695652173913,0.5152173913043478,7.259130434782609,47.82608695652174,88.6086956521739,,,,8.26086956521739,106.69565217391305,0.8584896169979923,,127.54319516323083,1.9374003120550096,,,4.939130434782609,1.6956521739130435,,34.17391304347826,11.26086956521739,,11.677503953652527,,192.6208998080758,47,0,0,1,-18,19,0
P-1005,88.5950699612679,95.48320222830964,37.257921958485845,113.26523379230588,78.31568631087434,65.11218145883954,19.456839012558294,34.625334774404216,-6.826086956521739,16.869565217391305,0.5321739130434783,7.251304347826087,48.26086956521739,88.08695652173913,82.82608695652175,48.565217391304344,138.69565217391306,8.208695652173914,106.95652173913044,1.6641929441601264,0.6782608695652174,123.22636269350467,2.46857978258023,1.7521739130434781,4.57391304347826,4.9913043478260875,1.7565217391304349,0.16695652173913045,33.73913043478261,11.108695652173914,39.91304347826087,10.78713469709492,276.0869565217391,198.09685481778843,47,0,0,1,-18,20,0
P-1005,89.20670699441771,95.84593893248214,37.35801306233192,114.96024183414853,81.41213636856452,65.57593968916638,17.871530118915008,34.342146076347184,-6.869565217391305,16.652173913043477,0.5491304347826087,7.243478260869565,48.69565217391305,87.56521739130434,,,,8.156521739130435,107.21739130434783,0.9217735315700817,,117.68124104043785,1.40635962004721,,,5.043478260869565,1.8173913043478258,,33.30434782608695,10.956521739130434,,11.267011514123759,,204.53933193316863,47,0,0,1,-18,21,0
P-1005,83.53938961907815,96.18227247375539,37.23695977221469,116.008255919131,82.99353801383248,69.74142456486553,18.34195013088033,33.07485376167069,-6.913043478260869,16.434782608695652,0.5660869565217391,7.235652173913043,49.130434782608695,87.04347826086956,,,,8.104347826086956,107.47826086956522,1.3301219517777298,,113.19857230543987,2.2459991774372847,,,5.095652173913043,1.8782608695652172,,32.869565217391305,10.804347826086957,,9.922549052372078,,213.17648814727255,47,0,0,1,-18,22,0
P-1005,85.47656952633942,96.46478148920262,37.294992134732304,116.82403488794758,82.8210056414883,71.60439926520637,17.53041057638193,36.06324243193232,-6.956521739130435,16.217391304347828,0.5830434782608696,7.227826086956521,49.565217391304344,86.52173913043478,,,,8.052173913043479,107.73913043478261,2.082384607772239,,108.14062690525357,1.7156512674971363,,,5.147826086956522,1.9391304347826086,,32.434782608695656,10.652173913043478,,8.655163909982472,,218.50632511419153,47,0,0,1,-18,23,0
P-1005,81.35740792643864,97.08267875930525,37.15932636595438,118.74635339981165,84.42052598447344,71.5346229206382,16.70762432470862,34.89926912911876,-7.0,16.0,0.6,7.22,50.0,86.0,95.0,55.0,150.0,8.0,108.0,1.5172266078095356,0.8,104.88335163352895,0.7973031135044172,1.7,4.8,5.2,2.0,0.2,32.0,10.5,42.0,7.417111611792378,250.0,225.64729704879218,47,0,0,1,-18,24,0
